"user_id","session_id","touch_order","channel","remaining_steps","time_elapsed","n_distinct_channels_so_far","is_repeat_channel","visit_number"
0,0,0,"Google Display",0,0,1,0,1
0,1,0,"Google Search",2,0,1,0,2
0,1,1,"Organic",1,48,2,0,2
0,1,2,"Organic",0,336,2,1,2
0,4,0,"Google Display",2,0,1,0,5
0,4,1,"Google Search",1,48,2,0,5
0,4,2,"Facebook",0,168,3,0,5
11,0,0,"Facebook",1,0,1,0,1
11,0,1,"Instagram",0,48,2,0,1
11,3,0,"Email Marketing",2,0,1,0,4
11,3,1,"Organic",1,96,2,0,4
11,3,2,"Email Marketing",0,144,2,1,4
11,4,0,"Organic",1,0,1,0,5
11,4,1,"Organic",0,24,1,1,5
11,6,0,"Organic",1,0,1,0,7
11,6,1,"Facebook",0,72,2,0,7
11,7,0,"Email Marketing",3,0,1,0,8
11,7,1,"Email Marketing",2,336,1,1,8
11,7,2,"Organic",1,384,2,0,8
11,7,3,"Youtube",0,552,3,0,8
22,1,0,"Organic",2,0,1,0,2
22,1,1,"Google Search",1,240,2,0,2
22,1,2,"Direct",0,384,3,0,2
22,2,0,"Facebook",2,0,1,0,3
22,2,1,"Google Search",1,240,2,0,3
22,2,2,"Google Search",0,312,2,1,3
22,3,0,"Facebook",2,0,1,0,4
22,3,1,"Email Marketing",1,168,2,0,4
22,3,2,"Organic",0,240,3,0,4
22,4,0,"Organic",0,0,1,0,5
22,5,0,"Email Marketing",2,0,1,0,6
22,5,1,"Facebook",1,216,2,0,6
22,5,2,"Google Search",0,312,3,0,6
22,7,0,"Organic",0,0,1,0,8
31,0,0,"Organic",5,0,1,0,1
31,0,1,"Google Display",4,120,2,0,1
31,0,2,"Facebook",3,264,3,0,1
31,0,3,"Organic",2,288,3,1,1
31,0,4,"Google Display",1,312,3,1,1
31,0,5,"Google Display",0,624,3,1,1
31,4,0,"Instagram",1,0,1,0,5
31,4,1,"Email Marketing",0,216,2,0,5
31,5,0,"Facebook",0,0,1,0,6
31,6,0,"Facebook",0,0,1,0,7
37,1,0,"Organic",4,0,1,0,2
37,1,1,"Organic",3,72,1,1,2
37,1,2,"Direct",2,96,2,0,2
37,1,3,"Organic",1,120,2,1,2
37,1,4,"Instagram",0,144,3,0,2
37,3,0,"Youtube",2,0,1,0,4
37,3,1,"Organic",1,192,2,0,4
37,3,2,"Google Display",0,216,3,0,4
37,5,0,"Direct",2,0,1,0,6
37,5,1,"Google Search",1,408,2,0,6
37,5,2,"Organic",0,528,3,0,6
37,7,0,"Organic",2,0,1,0,8
37,7,1,"Organic",1,96,1,1,8
37,7,2,"Google Display",0,312,2,0,8
40,0,0,"Email Marketing",2,0,1,0,1
40,0,1,"Google Display",1,240,2,0,1
40,0,2,"Facebook",0,360,3,0,1
40,2,0,"Organic",3,0,1,0,3
40,2,1,"Facebook",2,192,2,0,3
40,2,2,"Youtube",1,240,3,0,3
40,2,3,"Facebook",0,264,3,1,3
40,3,0,"Facebook",0,0,1,0,4
40,4,0,"Organic",2,0,1,0,5
40,4,1,"Facebook",1,168,2,0,5
40,4,2,"Google Display",0,264,3,0,5
40,5,0,"Google Search",2,0,1,0,6
40,5,1,"Google Search",1,192,1,1,6
40,5,2,"Organic",0,216,2,0,6
40,7,0,"Organic",2,0,1,0,8
40,7,1,"Facebook",1,360,2,0,8
40,7,2,"Direct",0,528,3,0,8
41,0,0,"Organic",3,0,1,0,1
41,0,1,"Direct",2,96,2,0,1
41,0,2,"Organic",1,168,2,1,1
41,0,3,"Organic",0,240,2,1,1
41,1,0,"Google Display",3,0,1,0,2
41,1,1,"Email Marketing",2,72,2,0,2
41,1,2,"Facebook",1,312,3,0,2
41,1,3,"Direct",0,480,4,0,2
41,2,0,"Organic",0,0,1,0,3
41,3,0,"Email Marketing",6,0,1,0,4
41,3,1,"Direct",5,24,2,0,4
41,3,2,"Instagram",4,72,3,0,4
41,3,3,"Google Search",3,168,4,0,4
41,3,4,"Google Display",2,240,5,0,4
41,3,5,"Google Display",1,264,5,1,4
41,3,6,"Google Display",0,288,5,1,4
41,4,0,"Organic",2,0,1,0,5
41,4,1,"Direct",1,144,2,0,5
41,4,2,"Google Search",0,168,3,0,5
42,0,0,"Organic",2,0,1,0,1
42,0,1,"Direct",1,168,2,0,1
42,0,2,"Google Search",0,504,3,0,1
42,1,0,"Organic",0,0,1,0,2
42,2,0,"Direct",0,0,1,0,3
42,3,0,"Organic",2,0,1,0,4
42,3,1,"Google Search",1,72,2,0,4
42,3,2,"Google Search",0,96,2,1,4
42,5,0,"Youtube",0,0,1,0,6
42,6,0,"Facebook",1,0,1,0,7
42,6,1,"Organic",0,360,2,0,7
57,2,0,"Direct",1,0,1,0,3
57,2,1,"Direct",0,288,1,1,3
67,0,0,"Facebook",0,0,1,0,1
67,1,0,"Google Search",2,0,1,0,2
67,1,1,"Organic",1,96,2,0,2
67,1,2,"Direct",0,120,3,0,2
67,2,0,"Google Search",2,0,1,0,3
67,2,1,"Organic",1,48,2,0,3
67,2,2,"Facebook",0,120,3,0,3
67,4,0,"Google Search",0,0,1,0,5
67,6,0,"Google Display",1,0,1,0,7
67,6,1,"Facebook",0,24,2,0,7
70,1,0,"Google Display",2,0,1,0,2
70,1,1,"Organic",1,144,2,0,2
70,1,2,"Organic",0,192,2,1,2
70,3,0,"Facebook",2,0,1,0,4
70,3,1,"Email Marketing",1,312,2,0,4
70,3,2,"Facebook",0,480,2,1,4
70,4,0,"Google Search",4,0,1,0,5
70,4,1,"Direct",3,312,2,0,5
70,4,2,"Organic",2,336,3,0,5
70,4,3,"Organic",1,384,3,1,5
70,4,4,"Facebook",0,432,4,0,5
70,5,0,"Google Search",0,0,1,0,6
71,0,0,"Organic",1,0,1,0,1
71,0,1,"Instagram",0,264,2,0,1
79,2,0,"Facebook",4,0,1,0,3
79,2,1,"Organic",3,144,2,0,3
79,2,2,"Google Search",2,216,3,0,3
79,2,3,"Google Search",1,432,3,1,3
79,2,4,"Google Search",0,456,3,1,3
79,5,0,"Organic",0,0,1,0,6
84,0,0,"Organic",3,0,1,0,1
84,0,1,"Google Display",2,264,2,0,1
84,0,2,"Email Marketing",1,288,3,0,1
84,0,3,"Organic",0,336,3,1,1
84,1,0,"Youtube",1,0,1,0,2
84,1,1,"Direct",0,168,2,0,2
85,0,0,"Direct",2,0,1,0,1
85,0,1,"Organic",1,24,2,0,1
85,0,2,"Google Display",0,96,3,0,1
85,1,0,"Instagram",1,0,1,0,2
85,1,1,"Google Search",0,144,2,0,2
85,2,0,"Organic",0,0,1,0,3
85,4,0,"Google Search",0,0,1,0,5
85,5,0,"Organic",1,0,1,0,6
85,5,1,"Organic",0,24,1,1,6
85,8,0,"Facebook",2,0,1,0,9
85,8,1,"Email Marketing",1,192,2,0,9
85,8,2,"Direct",0,216,3,0,9
86,0,0,"Organic",0,0,1,0,1
86,1,0,"Organic",0,0,1,0,2
86,2,0,"Direct",1,0,1,0,3
86,2,1,"Google Search",0,288,2,0,3
86,4,0,"Organic",2,0,1,0,5
86,4,1,"Organic",1,120,1,1,5
86,4,2,"Direct",0,312,2,0,5
86,6,0,"Organic",0,0,1,0,7
98,0,0,"Youtube",1,0,1,0,1
98,0,1,"Organic",0,120,2,0,1
98,1,0,"Facebook",2,0,1,0,2
98,1,1,"Direct",1,240,2,0,2
98,1,2,"Instagram",0,384,3,0,2
98,2,0,"Youtube",1,0,1,0,3
98,2,1,"Google Search",0,24,2,0,3
98,3,0,"Youtube",0,0,1,0,4
98,4,0,"Organic",0,0,1,0,5
99,0,0,"Google Search",1,0,1,0,1
99,0,1,"Instagram",0,168,2,0,1
99,1,0,"Youtube",0,0,1,0,2
99,2,0,"Google Search",2,0,1,0,3
99,2,1,"Direct",1,192,2,0,3
99,2,2,"Organic",0,288,3,0,3
99,3,0,"Google Search",0,0,1,0,4
99,5,0,"Direct",5,0,1,0,6
99,5,1,"Organic",4,24,2,0,6
99,5,2,"Organic",3,216,2,1,6
99,5,3,"Google Search",2,336,3,0,6
99,5,4,"Google Search",1,384,3,1,6
99,5,5,"Google Search",0,432,3,1,6
99,6,0,"Email Marketing",3,0,1,0,7
99,6,1,"Facebook",2,24,2,0,7
99,6,2,"Facebook",1,576,2,1,7
99,6,3,"Organic",0,600,3,0,7
99,7,0,"Youtube",0,0,1,0,8
101,1,0,"Email Marketing",4,0,1,0,2
101,1,1,"Google Search",3,48,2,0,2
101,1,2,"Organic",2,264,3,0,2
101,1,3,"Google Search",1,528,3,1,2
101,1,4,"Direct",0,648,4,0,2
101,2,0,"Facebook",2,0,1,0,3
101,2,1,"Organic",1,48,2,0,3
101,2,2,"Google Search",0,72,3,0,3
101,5,0,"Youtube",1,0,1,0,6
101,5,1,"Instagram",0,144,2,0,6
