"Feature","Gain","Cover","Frequency"
"duration",0.239588186176618,0.175553280471474,0.170914542728636
"ewma_conv_08",0.222261913000067,0.10799735787773,0.0764617691154423
"mean_gap",0.106436121768469,0.0942419982566306,0.0997001499250375
"ewma_conv_05",0.0687609137745382,0.051981794755969,0.0389805097451274
"max_gap",0.065479721518954,0.0925492518960403,0.075712143928036
"n_touches",0.0549254784668909,0.0506422880327419,0.0487256371814093
"ewma_duration",0.0409603376063739,0.0808491549756048,0.0907046476761619
"ewma_touches",0.0369009297854063,0.0737789006464149,0.0787106446776612
"visit_number",0.0292946823837078,0.0655844942541274,0.055472263868066
"conv_smooth",0.0262555647924356,0.0668765054881818,0.0577211394302849
"ewma_conv_02",0.0254408301534252,0.0259245812406316,0.047976011994003
"n_distinct_ch",0.0200215874415789,0.0228117452493498,0.0239880059970015
"n_repeats",0.0078086919834134,0.015822284242901,0.0119940029985007
"entry_channelDirect",0.00768245247620083,0.00856384570213964,0.0142428785607196
"last_channelYoutube",0.00683705598130751,0.0190556559342952,0.0134932533733133
