"channel","conversion_rate","n","position"
"Direct",0.589776608252617,53583,"First touch"
"Email Marketing",0.587294435683713,26634,"First touch"
"Facebook",0.586648359804066,80844,"First touch"
"Google Display",0.589331043750933,26788,"First touch"
"Google Search",0.58847458255342,107918,"First touch"
"Instagram",0.583922424960213,27019,"First touch"
"Organic",0.586902388891997,161037,"First touch"
"Youtube",0.589360026993589,26673,"First touch"
"Direct",0.591207262748341,53203,"Last touch"
"Email Marketing",0.59056504796163,26688,"Last touch"
"Facebook",0.587855679770984,81042,"Last touch"
"Google Display",0.587909432278693,26897,"Last touch"
"Google Search",0.586723728892406,107485,"Last touch"
"Instagram",0.588047193736906,27207,"Last touch"
"Organic",0.587227501224191,161331,"Last touch"
"Youtube",0.581953984160942,26643,"Last touch"
